-- ============================================================================
-- Fixture: Finance demo data (revenue clients, mappings, account revenue)
-- ============================================================================

-- ── Revenue Clients ─────────────────────────────────────────────────────────
INSERT INTO revenue_clients (id, name) VALUES
  ('c1000000-0000-0000-0000-000000000001', 'Belcolor'),
  ('c1000000-0000-0000-0000-000000000002', 'Nordex Group'),
  ('c1000000-0000-0000-0000-000000000003', 'Solavio'),
  ('c1000000-0000-0000-0000-000000000004', 'Lumex Retail'),
  ('c1000000-0000-0000-0000-000000000005', 'Arvato Connect'),
  ('c1000000-0000-0000-0000-000000000006', 'Flexpoint'),
  ('c1000000-0000-0000-0000-000000000007', 'Medifurn'),
  ('c1000000-0000-0000-0000-000000000008', 'Triskelion'),
  ('c1000000-0000-0000-0000-000000000009', 'Cronova'),
  ('c1000000-0000-0000-0000-000000000010', 'Veldora')
ON CONFLICT (id) DO NOTHING;

-- ── Revenue Client Divisions ────────────────────────────────────────────────
INSERT INTO revenue_client_divisions (revenue_client_id, division_id) VALUES
  ('c1000000-0000-0000-0000-000000000001', 'd1000000-0000-0000-0000-000000000001'),
  ('c1000000-0000-0000-0000-000000000002', 'd1000000-0000-0000-0000-000000000002'),
  ('c1000000-0000-0000-0000-000000000003', 'd1000000-0000-0000-0000-000000000001'),
  ('c1000000-0000-0000-0000-000000000003', 'd1000000-0000-0000-0000-000000000002'),
  ('c1000000-0000-0000-0000-000000000004', 'd1000000-0000-0000-0000-000000000002'),
  ('c1000000-0000-0000-0000-000000000005', 'd1000000-0000-0000-0000-000000000001'),
  ('c1000000-0000-0000-0000-000000000006', 'd1000000-0000-0000-0000-000000000001'),
  ('c1000000-0000-0000-0000-000000000006', 'd1000000-0000-0000-0000-000000000002'),
  ('c1000000-0000-0000-0000-000000000007', 'd1000000-0000-0000-0000-000000000002'),
  ('c1000000-0000-0000-0000-000000000008', 'd1000000-0000-0000-0000-000000000001'),
  ('c1000000-0000-0000-0000-000000000009', 'd1000000-0000-0000-0000-000000000002'),
  ('c1000000-0000-0000-0000-000000000010', 'd1000000-0000-0000-0000-000000000001'),
  ('c1000000-0000-0000-0000-000000000010', 'd1000000-0000-0000-0000-000000000002')
ON CONFLICT DO NOTHING;

-- ── Revenue Client Services ────────────────────────────────────────────────
INSERT INTO revenue_client_services (revenue_client_id, division_id, service_name) VALUES
  ('c1000000-0000-0000-0000-000000000001', 'd1000000-0000-0000-0000-000000000001', 'OroCommerce'),
  ('c1000000-0000-0000-0000-000000000001', 'd1000000-0000-0000-0000-000000000001', 'Marello OMS'),
  ('c1000000-0000-0000-0000-000000000002', 'd1000000-0000-0000-0000-000000000002', 'Magento'),
  ('c1000000-0000-0000-0000-000000000002', 'd1000000-0000-0000-0000-000000000002', 'Consultancy'),
  ('c1000000-0000-0000-0000-000000000003', 'd1000000-0000-0000-0000-000000000001', 'Marello B2B'),
  ('c1000000-0000-0000-0000-000000000003', 'd1000000-0000-0000-0000-000000000001', 'OroCommerce'),
  ('c1000000-0000-0000-0000-000000000003', 'd1000000-0000-0000-0000-000000000002', 'Custom Dev'),
  ('c1000000-0000-0000-0000-000000000003', 'd1000000-0000-0000-0000-000000000002', 'Sulu CMS'),
  ('c1000000-0000-0000-0000-000000000004', 'd1000000-0000-0000-0000-000000000002', 'Adobe Commerce'),
  ('c1000000-0000-0000-0000-000000000004', 'd1000000-0000-0000-0000-000000000002', 'Consultancy'),
  ('c1000000-0000-0000-0000-000000000004', 'd1000000-0000-0000-0000-000000000002', 'Custom Dev'),
  ('c1000000-0000-0000-0000-000000000005', 'd1000000-0000-0000-0000-000000000001', 'Marello OMS'),
  ('c1000000-0000-0000-0000-000000000005', 'd1000000-0000-0000-0000-000000000001', 'Marello B2B'),
  ('c1000000-0000-0000-0000-000000000006', 'd1000000-0000-0000-0000-000000000001', 'OroCommerce'),
  ('c1000000-0000-0000-0000-000000000006', 'd1000000-0000-0000-0000-000000000002', 'Magento'),
  ('c1000000-0000-0000-0000-000000000006', 'd1000000-0000-0000-0000-000000000002', 'Custom Dev'),
  ('c1000000-0000-0000-0000-000000000007', 'd1000000-0000-0000-0000-000000000002', 'Sulu CMS'),
  ('c1000000-0000-0000-0000-000000000007', 'd1000000-0000-0000-0000-000000000002', 'Consultancy'),
  ('c1000000-0000-0000-0000-000000000008', 'd1000000-0000-0000-0000-000000000001', 'OroCommerce'),
  ('c1000000-0000-0000-0000-000000000008', 'd1000000-0000-0000-0000-000000000001', 'Marello OMS'),
  ('c1000000-0000-0000-0000-000000000008', 'd1000000-0000-0000-0000-000000000001', 'Marello B2B'),
  ('c1000000-0000-0000-0000-000000000009', 'd1000000-0000-0000-0000-000000000002', 'Adobe Commerce'),
  ('c1000000-0000-0000-0000-000000000009', 'd1000000-0000-0000-0000-000000000002', 'Custom Dev'),
  ('c1000000-0000-0000-0000-000000000010', 'd1000000-0000-0000-0000-000000000001', 'Marello B2B'),
  ('c1000000-0000-0000-0000-000000000010', 'd1000000-0000-0000-0000-000000000002', 'Magento'),
  ('c1000000-0000-0000-0000-000000000010', 'd1000000-0000-0000-0000-000000000002', 'Consultancy')
ON CONFLICT DO NOTHING;

-- ── Account Revenue (Omzet tab) ────────────────────────────────────────────
INSERT INTO account_revenue (account_id, year, category, amount, notes) VALUES
  ('a0000000-0000-0000-0000-000000000001', 2023, 'Consultancy', 185000, 'Kevin Martens fulltime'),
  ('a0000000-0000-0000-0000-000000000001', 2023, 'Magento', 62000, 'E-commerce migratie fase 1'),
  ('a0000000-0000-0000-0000-000000000001', 2024, 'Consultancy', 248000, 'Kevin + Elien'),
  ('a0000000-0000-0000-0000-000000000001', 2024, 'Adobe Commerce', 38400, 'Adobe Commerce upgrade'),
  ('a0000000-0000-0000-0000-000000000001', 2024, 'Hyva', 95000, 'Hyva theme implementatie'),
  ('a0000000-0000-0000-0000-000000000001', 2025, 'Consultancy', 275000, 'Kevin + Elien lopend'),
  ('a0000000-0000-0000-0000-000000000001', 2025, 'Adobe Commerce', 45000, 'Adobe Commerce extensies'),
  ('a0000000-0000-0000-0000-000000000001', 2025, 'Custom Dev', 38000, 'Custom integraties'),
  ('a0000000-0000-0000-0000-000000000003', 2023, 'Magento', 35000, 'Portaal implementatie'),
  ('a0000000-0000-0000-0000-000000000003', 2024, 'Consultancy', 89000, 'Yasmine El Amrani'),
  ('a0000000-0000-0000-0000-000000000003', 2024, 'Hyva', 42000, 'Hyva integratie zorgplatform'),
  ('a0000000-0000-0000-0000-000000000003', 2025, 'Consultancy', 55000, 'Lopend')
ON CONFLICT DO NOTHING;
